{"cameraMode":{"drawMode":0,"name":"Shaded","section":"Shading Mode"},"sceneLighting":true,"audioPlay":false,"sceneViewState":{"m_AlwaysRefresh":false,"showFog":true,"showSkybox":true,"showFlares":true,"showImageEffects":true,"showParticleSystems":true,"showVisualEffectGraphs":true,"m_FxEnabled":true},"in2DMode":false,"pivot":{"x":13.752845764160157,"y":-10.809810638427735,"z":28.58856964111328},"rotation":{"x":-0.15414968132972718,"y":-0.1922338753938675,"z":0.030591003596782686,"w":-0.9686865210533142},"size":22.380727767944337,"orthographic":false}